{"initial_reset_timestamp": 1549042647.2858694, "timestamps": [1549042650.6836288, 1549042654.1012082, 1549042654.1965046, 1549042654.2286828, 1549042654.260778, 1549042654.2927356, 1549042654.3243632, 1549042654.3561947, 1549042657.6991036, 1549042657.8039472, 1549042657.8360713, 1549042657.868428, 1549042657.900616, 1549042657.932905, 1549042657.965854, 1549042658.0125713, 1549042658.0492725, 1549042658.0819519, 1549042658.1139402, 1549042658.1467147, 1549042658.1853833, 1549042658.2312117, 1549042658.273884, 1549042658.3128827, 1549042658.350025, 1549042658.3834777, 1549042658.4155552, 1549042661.7698765, 1549042661.8757942, 1549042661.9085517, 1549042661.9410622, 1549042661.9696996, 1549042662.0037148, 1549042662.0440307, 1549042662.094696, 1549042662.134509, 1549042662.1705146, 1549042662.2053795, 1549042662.2376835, 1549042662.2701716, 1549042662.3008494, 1549042662.339513, 1549042662.3826299, 1549042662.4229524, 1549042662.4656346, 1549042662.5071766, 1549042662.5510173, 1549042662.5921497, 1549042662.6283376, 1549042662.6674693, 1549042662.7094927, 1549042662.7432868, 1549042662.7755058, 1549042662.8081613, 1549042662.8402662, 1549042662.8725245, 1549042662.9045963, 1549042662.9268181, 1549042662.9588296, 1549042662.9908984, 1549042663.022989, 1549042663.0546622, 1549042663.0865736, 1549042663.1193843, 1549042666.8154595, 1549042666.9201655, 1549042666.9522402, 1549042666.9842474, 1549042667.016192, 1549042667.0468512, 1549042667.0736098, 1549042667.1056266, 1549042667.1373749, 1549042667.169343, 1549042667.2022283, 1549042667.2342887, 1549042667.2665734, 1549042667.2986557, 1549042667.3305852, 1549042667.3625078, 1549042667.3944306, 1549042667.4263918, 1549042667.4581592, 1549042667.4902604, 1549042667.5222096, 1549042667.5547764, 1549042667.5868206, 1549042667.6188402, 1549042667.6507082, 1549042667.6827822, 1549042667.7149978, 1549042667.7470026, 1549042667.776274, 1549042667.8082159, 1549042667.8400707, 1549042667.8719263, 1549042667.903697, 1549042667.9354398, 1549042667.9669793, 1549042667.9988806], "episode_lengths": [200, 200, 200, 200, 200, 200, 200, 200, 200, 200, 200, 200, 200, 200, 185, 200, 200, 200, 200, 200, 200, 200, 200, 200, 195, 200, 200, 200, 200, 200, 200, 175, 200, 200, 200, 200, 190, 200, 200, 200, 179, 200, 200, 185, 200, 200, 200, 200, 179, 200, 200, 200, 200, 200, 200, 200, 200, 138, 200, 200, 200, 198, 200, 200, 200, 200, 200, 200, 200, 192, 168, 200, 200, 200, 200, 200, 200, 200, 200, 200, 200, 200, 200, 200, 200, 200, 200, 200, 200, 200, 200, 200, 183, 200, 200, 200, 200, 200, 200, 200], "episode_rewards": [200.0, 200.0, 200.0, 200.0, 200.0, 200.0, 200.0, 200.0, 200.0, 200.0, 200.0, 200.0, 200.0, 200.0, 185.0, 200.0, 200.0, 200.0, 200.0, 200.0, 200.0, 200.0, 200.0, 200.0, 195.0, 200.0, 200.0, 200.0, 200.0, 200.0, 200.0, 175.0, 200.0, 200.0, 200.0, 200.0, 190.0, 200.0, 200.0, 200.0, 179.0, 200.0, 200.0, 185.0, 200.0, 200.0, 200.0, 200.0, 179.0, 200.0, 200.0, 200.0, 200.0, 200.0, 200.0, 200.0, 200.0, 138.0, 200.0, 200.0, 200.0, 198.0, 200.0, 200.0, 200.0, 200.0, 200.0, 200.0, 200.0, 192.0, 168.0, 200.0, 200.0, 200.0, 200.0, 200.0, 200.0, 200.0, 200.0, 200.0, 200.0, 200.0, 200.0, 200.0, 200.0, 200.0, 200.0, 200.0, 200.0, 200.0, 200.0, 200.0, 183.0, 200.0, 200.0, 200.0, 200.0, 200.0, 200.0, 200.0], "episode_types": ["t", "t", "t", "t", "t", "t", "t", "t", "t", "t", "t", "t", "t", "t", "t", "t", "t", "t", "t", "t", "t", "t", "t", "t", "t", "t", "t", "t", "t", "t", "t", "t", "t", "t", "t", "t", "t", "t", "t", "t", "t", "t", "t", "t", "t", "t", "t", "t", "t", "t", "t", "t", "t", "t", "t", "t", "t", "t", "t", "t", "t", "t", "t", "t", "t", "t", "t", "t", "t", "t", "t", "t", "t", "t", "t", "t", "t", "t", "t", "t", "t", "t", "t", "t", "t", "t", "t", "t", "t", "t", "t", "t", "t", "t", "t", "t", "t", "t", "t", "t"]}