{"initial_reset_timestamp": 1553623669.2500055, "timestamps": [1553623671.5658848, 1553623673.6560028, 1553623673.8104038, 1553623673.8932486, 1553623673.9913616, 1553623674.0896902, 1553623674.1880538, 1553623674.2868598, 1553623676.955138, 1553623677.1552513, 1553623677.2793257, 1553623677.376693, 1553623677.474012, 1553623677.5713422, 1553623677.6684065, 1553623677.7648616, 1553623677.8622818, 1553623677.9597151, 1553623678.0374255, 1553623678.1359355, 1553623678.260103, 1553623678.3808007, 1553623678.4980145, 1553623678.5891588, 1553623678.6866229, 1553623678.7847025, 1553623678.8817108, 1553623680.9590816, 1553623681.1501133, 1553623681.2251918, 1553623681.3222997, 1553623681.4084775, 1553623681.5059636, 1553623681.6029587, 1553623681.700112, 1553623681.769892, 1553623681.868713, 1553623681.9665926, 1553623682.0430288, 1553623682.1361198, 1553623682.2175317, 1553623682.3196187, 1553623682.4375668, 1553623682.5353198, 1553623682.6415787, 1553623682.7413187, 1553623682.8715491, 1553623682.9767346, 1553623683.046475, 1553623683.144015, 1553623683.2355986, 1553623683.3328578, 1553623683.4268565, 1553623683.5124722, 1553623683.6398342, 1553623683.7690322, 1553623683.8589678, 1553623683.9578493, 1553623684.0605762, 1553623684.1328418, 1553623684.234066, 1553623684.3480995, 1553623684.447071, 1553623684.5586305, 1553623686.6281536, 1553623686.8289032, 1553623686.948366, 1553623687.0254326, 1553623687.1226282, 1553623687.2134085, 1553623687.3511922, 1553623687.4801223, 1553623687.6122742, 1553623687.74419, 1553623687.8374956, 1553623687.9646163, 1553623688.0370247, 1553623688.1353767, 1553623688.2338352, 1553623688.3082573, 1553623688.4366882, 1553623688.5251884, 1553623688.6235719, 1553623688.7222779, 1553623688.82102, 1553623688.9218361, 1553623689.0196545, 1553623689.1003716, 1553623689.1987872, 1553623689.2884808, 1553623689.3867016, 1553623689.4890566, 1553623689.5818388, 1553623689.6957934, 1553623689.7943861, 1553623689.895172, 1553623689.9792037, 1553623690.1080701, 1553623690.2233872, 1553623690.3208644], "episode_lengths": [169, 149, 152, 169, 200, 200, 200, 200, 200, 200, 200, 200, 200, 200, 200, 197, 200, 200, 159, 200, 200, 200, 200, 187, 200, 200, 200, 145, 200, 155, 200, 177, 200, 200, 200, 143, 200, 200, 157, 191, 167, 168, 200, 200, 179, 152, 200, 200, 143, 200, 188, 200, 194, 176, 200, 199, 162, 200, 200, 146, 200, 200, 200, 200, 142, 200, 200, 158, 200, 160, 200, 200, 200, 200, 158, 200, 146, 200, 200, 151, 200, 150, 200, 200, 200, 200, 199, 164, 200, 182, 200, 200, 159, 200, 200, 200, 167, 200, 200, 200], "episode_rewards": [169.0, 149.0, 152.0, 169.0, 200.0, 200.0, 200.0, 200.0, 200.0, 200.0, 200.0, 200.0, 200.0, 200.0, 200.0, 197.0, 200.0, 200.0, 159.0, 200.0, 200.0, 200.0, 200.0, 187.0, 200.0, 200.0, 200.0, 145.0, 200.0, 155.0, 200.0, 177.0, 200.0, 200.0, 200.0, 143.0, 200.0, 200.0, 157.0, 191.0, 167.0, 168.0, 200.0, 200.0, 179.0, 152.0, 200.0, 200.0, 143.0, 200.0, 188.0, 200.0, 194.0, 176.0, 200.0, 199.0, 162.0, 200.0, 200.0, 146.0, 200.0, 200.0, 200.0, 200.0, 142.0, 200.0, 200.0, 158.0, 200.0, 160.0, 200.0, 200.0, 200.0, 200.0, 158.0, 200.0, 146.0, 200.0, 200.0, 151.0, 200.0, 150.0, 200.0, 200.0, 200.0, 200.0, 199.0, 164.0, 200.0, 182.0, 200.0, 200.0, 159.0, 200.0, 200.0, 200.0, 167.0, 200.0, 200.0, 200.0], "episode_types": ["t", "t", "t", "t", "t", "t", "t", "t", "t", "t", "t", "t", "t", "t", "t", "t", "t", "t", "t", "t", "t", "t", "t", "t", "t", "t", "t", "t", "t", "t", "t", "t", "t", "t", "t", "t", "t", "t", "t", "t", "t", "t", "t", "t", "t", "t", "t", "t", "t", "t", "t", "t", "t", "t", "t", "t", "t", "t", "t", "t", "t", "t", "t", "t", "t", "t", "t", "t", "t", "t", "t", "t", "t", "t", "t", "t", "t", "t", "t", "t", "t", "t", "t", "t", "t", "t", "t", "t", "t", "t", "t", "t", "t", "t", "t", "t", "t", "t", "t", "t"]}