{"initial_reset_timestamp": 1553713373.7144575, "timestamps": [1553713378.3303404, 1553713383.9614625, 1553713387.5281994, 1553713392.3753316, 1553713396.1779819, 1553713400.7305305, 1553713405.530885, 1553713409.5611405, 1553713414.7150173, 1553713419.2342281, 1553713424.4388611, 1553713428.8301117, 1553713433.705377, 1553713437.8320417, 1553713441.7592885, 1553713445.6426632, 1553713451.0689077, 1553713455.872327, 1553713459.1539178, 1553713464.414668], "episode_lengths": [1511, 1934, 1520, 1937, 1585, 1947, 2009, 1788, 1591, 1886, 2062, 1707, 2021, 1688, 1658, 1648, 2270, 2019, 1442, 2203], "episode_rewards": [6600.0, 5500.0, 4300.0, 7400.0, 5500.0, 6200.0, 6700.0, 7400.0, 3700.0, 7100.0, 6200.0, 3900.0, 6800.0, 5300.0, 7000.0, 4100.0, 8600.0, 7800.0, 3100.0, 5700.0], "episode_types": ["t", "t", "t", "t", "t", "t", "t", "t", "t", "t", "t", "t", "t", "t", "t", "t", "t", "t", "t", "t"]}